FARMCODE;FLOCKSEQUENCE;WEEKNO;ANTIMICROBIAL
75-001;1;1;COLISTIN
75-001;1;1;OXTETRACYCLINE
75-001;1;9;OXTETRACYCLINE
75-001;1;10;NORFLOXACIN
75-001;1;11;AMPICILLIN
75-001;1;11;COLISTIN
75-001;1;16;COLISTIN
75-001;1;16;GENTAMICIN
75-001;2;1;COLISTIN
75-001;2;1;OXTETRACYCLINE
75-001;2;3;OXTETRACYCLINE
75-001;2;3;STREPTOMYCIN
75-001;2;4;COLISTIN
75-001;2;4;OXTETRACYCLINE
75-001;2;5;COLISTIN
75-001;2;5;OXTETRACYCLINE
75-001;2;5;STREPTOMYCIN
75-001;2;5;TRIMETHOPRIM
75-001;2;8;ENROFLOXACIN
75-002;1;1;COLISTIN
75-002;1;1;OXTETRACYCLINE
75-002;1;2;COLISTIN
75-002;1;2;OXTETRACYCLINE
75-002;1;4;COLISTIN
75-002;1;4;GENTAMICIN
75-002;1;5;COLISTIN
75-002;1;5;NEOMYCIN
75-002;2;1;COLISTIN
75-002;2;1;OXTETRACYCLINE
75-002;2;5;ENROFLOXACIN
75-002;2;6;ENROFLOXACIN
75-002;2;9;ENROFLOXACIN
75-003;1;2;OXTETRACYCLINE
75-003;1;2;STREPTOMYCIN
75-003;1;3;OXTETRACYCLINE
75-003;1;3;STREPTOMYCIN
75-003;1;4;OXTETRACYCLINE
75-003;1;4;STREPTOMYCIN
75-004;1;1;COLISTIN
75-004;1;1;OXTETRACYCLINE
75-004;1;4;COLISTIN
75-004;1;4;OXTETRACYCLINE
75-004;1;9;DOXYCYCLINE
75-004;1;10;NORFLOXACIN
75-004;2;1;COLISTIN
75-004;2;1;OXTETRACYCLINE
75-004;2;2;COLISTIN
75-004;2;2;OXTETRACYCLINE
75-004;2;3;COLISTIN
75-004;2;3;GENTAMICIN
75-004;2;4;COLISTIN
75-004;2;4;OXTETRACYCLINE
75-004;2;5;COLISTIN
75-004;2;5;TRIMETHOPRIM
75-004;2;6;NORFLOXACIN
75-004;2;12;NEOMYCIN
75-005;1;1;COLISTIN
75-005;1;1;OXTETRACYCLINE
75-005;1;2;AMPICILLIN
75-005;1;2;COLISTIN
75-005;2;1;COLISTIN
75-005;2;1;OXTETRACYCLINE
75-005;2;4;OXTETRACYCLINE
75-005;2;4;STREPTOMYCIN
75-005;2;5;OXTETRACYCLINE
75-005;2;5;STREPTOMYCIN
75-005;2;6;AMPICILLIN
75-005;2;6;COLISTIN
75-005;2;7;OXTETRACYCLINE
75-005;2;7;STREPTOMYCIN
75-005;2;10;COLISTIN
75-005;2;10;ENROFLOXACIN
75-005;2;10;GENTAMICIN
75-005;2;12;OXTETRACYCLINE
75-005;2;12;STREPTOMYCIN
75-006;1;1;COLISTIN
75-006;1;1;OXTETRACYCLINE
75-006;1;2;CHLORAMPHENICOL
75-006;1;10;AMOXICILLIN
75-006;1;10;TYLOSIN
75-006;1;11;AMOXICILLIN
75-006;1;11;TYLOSIN
75-006;1;12;DOXYCYCLINE
75-006;1;12;LINCOMYCIN
75-006;1;13;GENTAMICIN
75-006;1;13;LINCOMYCIN
75-006;1;13;TYLOSIN
75-006;1;14;CHLORAMPHENICOL
75-006;1;14;CHLORTETRACYCLINE
75-006;1;14;ENROFLOXACIN
75-006;2;1;ERYTHROMYCIN
75-006;2;1;OXTETRACYCLINE
75-006;2;4;TRIMETHOPRIM
75-006;2;5;AMPICILLIN
75-006;2;5;CHLORAMPHENICOL
75-006;2;5;CHLORTETRACYCLINE
75-006;2;5;TRIMETHOPRIM
75-006;2;6;CHLORAMPHENICOL
75-006;2;6;LINCOMYCIN
75-006;2;7;AMPICILLIN
75-006;2;7;COLISTIN
75-006;2;8;AMPICILLIN
75-006;2;8;COLISTIN
75-006;2;8;LINCOMYCIN
75-006;2;10;AMPICILLIN
75-006;2;10;COLISTIN
75-007;1;1;COLISTIN
75-007;1;1;OXTETRACYCLINE
75-007;1;6;TRIMETHOPRIM
75-008;1;1;COLISTIN
75-008;1;1;OXTETRACYCLINE
75-008;1;6;COLISTIN
75-008;1;6;NEOMYCIN
75-008;1;13;COLISTIN
75-008;1;13;GENTAMICIN
75-009;1;1;COLISTIN
75-009;1;1;OXTETRACYCLINE
75-009;1;3;COLISTIN
75-009;1;3;OXTETRACYCLINE
75-009;1;4;COLISTIN
75-009;1;4;GENTAMICIN
75-010;1;1;COLISTIN
75-010;1;1;OXTETRACYCLINE
75-011;1;1;COLISTIN
75-011;1;1;OXTETRACYCLINE
75-011;1;7;COLISTIN
75-011;1;7;OXTETRACYCLINE
75-011;1;13;LINCOMYCIN
75-011;1;14;FLORFENICOL
75-011;2;1;COLISTIN
75-011;2;1;OXTETRACYCLINE
75-011;2;2;COLISTIN
75-011;2;2;OXTETRACYCLINE
75-011;2;5;COLISTIN
75-011;2;5;GENTAMICIN
75-011;2;6;LINCOMYCIN
75-011;2;10;COLISTIN
75-011;2;10;OXTETRACYCLINE
75-011;2;13;COLISTIN
75-011;2;13;OXTETRACYCLINE
75-012;1;1;COLISTIN
75-012;1;1;OXTETRACYCLINE
75-012;1;2;COLISTIN
75-012;1;2;GENTAMICIN
75-012;1;2;OXTETRACYCLINE
75-012;1;2;TYLOSIN
75-012;1;3;COLISTIN
75-012;1;3;GENTAMICIN
75-012;1;3;OXTETRACYCLINE
75-012;1;3;TYLOSIN
75-012;1;4;COLISTIN
75-012;1;4;DOXYCYCLINE
75-012;1;4;OXTETRACYCLINE
75-012;1;4;TYLOSIN
75-012;1;6;COLISTIN
75-012;1;6;NEOMYCIN
75-012;1;7;AMPICILLIN
75-012;1;7;COLISTIN
75-012;1;7;GENTAMICIN
75-012;1;7;OXTETRACYCLINE
75-012;1;7;SULFADIMETHOXIN
75-012;1;7;TYLOSIN
75-012;2;1;COLISTIN
75-012;2;1;OXTETRACYCLINE
75-012;2;2;COLISTIN
75-012;2;2;GENTAMICIN
75-012;2;2;OXTETRACYCLINE
75-012;2;2;TYLOSIN
75-012;2;3;COLISTIN
75-012;2;3;GENTAMICIN
75-012;2;3;OXTETRACYCLINE
75-012;2;3;TYLOSIN
75-012;2;5;AMPICILLIN
75-012;2;5;DOXYCYCLINE
75-012;2;5;FLUMEQUINE
75-012;2;5;SULFADIMETHOXIN
75-012;2;5;TYLOSIN
75-012;2;6;TRIMETHOPRIM
75-012;2;7;TRIMETHOPRIM
75-012;2;9;NEOMYCIN
75-012;2;9;OXTETRACYCLINE
75-012;2;10;FLUMEQUINE
75-012;2;11;AMOXICILLIN
75-012;2;11;DOXYCYCLINE
75-012;2;11;GENTAMICIN
75-012;2;12;DOXYCYCLINE
75-012;2;12;GENTAMICIN
75-012;2;13;COLISTIN
75-012;2;13;TRIMETHOPRIM
75-012;2;14;FLUMEQUINE
75-012;2;15;CEFOTAXIME
75-012;2;16;DOXYCYCLINE
75-012;2;16;GENTAMICIN
75-012;3;1;COLISTIN
75-012;3;1;OXTETRACYCLINE
75-012;3;5;ENROFLOXACIN
75-012;3;8;COLISTIN
75-012;3;8;FLUMEQUINE
75-012;3;8;GENTAMICIN
75-012;3;8;OXTETRACYCLINE
75-012;3;8;TYLOSIN
75-012;3;11;FLUMEQUINE
75-013;1;1;AMOXICILLIN
75-013;1;1;COLISTIN
75-013;1;2;COLISTIN
75-013;1;2;ERYTHROMYCIN
75-013;1;6;TILMICOSIN
75-013;1;10;AMOXICILLIN
75-013;1;10;COLISTIN
75-013;1;13;TILMICOSIN
75-014;1;1;COLISTIN
75-014;1;1;OXTETRACYCLINE
75-014;1;4;OXTETRACYCLINE
75-014;1;4;STREPTOMYCIN
75-014;1;12;AMPICILLIN
75-014;1;12;COLISTIN
75-014;1;14;DOXYCYCLINE
75-014;1;16;COLISTIN
75-014;1;16;NEOMYCIN
75-014;1;17;COLISTIN
75-014;1;17;NEOMYCIN
75-014;2;1;OXTETRACYCLINE
75-014;2;1;STREPTOMYCIN
75-014;2;18;NEOMYCIN
75-015;1;1;COLISTIN
75-015;1;1;OXTETRACYCLINE
75-015;2;1;COLISTIN
75-015;2;1;OXTETRACYCLINE
75-015;2;2;COLISTIN
75-015;2;2;OXTETRACYCLINE
75-016;1;1;COLISTIN
75-016;1;1;OXTETRACYCLINE
75-016;1;6;AMPICILLIN
75-016;1;6;COLISTIN
75-016;1;6;OXTETRACYCLINE
75-016;1;12;ENROFLOXACIN
75-016;1;20;OXTETRACYCLINE
75-016;1;21;OXTETRACYCLINE
75-018;1;1;AMOXICILLIN
75-018;1;1;COLISTIN
75-018;1;1;OXTETRACYCLINE
75-019;1;1;COLISTIN
75-019;1;1;OXTETRACYCLINE
75-019;1;4;COLISTIN
75-019;1;4;GENTAMICIN
75-019;1;10;ENROFLOXACIN
75-019;1;13;AMPICILLIN
75-019;1;13;DOXYCYCLINE
75-019;1;14;AMPICILLIN
75-019;1;14;COLISTIN
75-019;2;1;OXTETRACYCLINE
75-019;2;2;OXTETRACYCLINE
75-019;2;5;DOXYCYCLINE
75-019;2;5;TYLOSIN
75-019;2;6;COLISTIN
75-019;2;6;GENTAMICIN
75-019;2;8;AMPICILLIN
75-019;2;8;SULFADIMETHOXIN
75-019;2;10;FLORFENICOL
75-019;2;11;CHLORTETRACYCLINE
75-019;2;11;SULFAMETHOXYPYRIDAZINE
75-019;2;12;CHLORTETRACYCLINE
75-019;2;12;SULFAMETHOXYPYRIDAZINE
75-019;2;14;FLUMEQUINE
75-019;2;15;FLUMEQUINE
75-020;1;1;COLISTIN
75-020;1;1;OXTETRACYCLINE
75-020;1;10;AMOXICILLIN
75-020;1;10;COLISTIN
75-020;2;1;COLISTIN
75-020;2;1;OXTETRACYCLINE
75-021;1;1;COLISTIN
75-021;1;1;OXTETRACYCLINE
75-021;1;1;STREPTOMYCIN
75-021;1;2;COLISTIN
75-021;1;2;OXTETRACYCLINE
75-021;1;2;STREPTOMYCIN
75-021;1;3;COLISTIN
75-021;1;3;OXTETRACYCLINE
75-021;1;4;GENTAMICIN
75-021;1;4;SULFADIMIDINE
75-021;2;1;COLISTIN
75-021;2;1;OXTETRACYCLINE
75-021;2;2;COLISTIN
75-021;2;2;OXTETRACYCLINE
75-021;2;3;COLISTIN
75-021;2;3;OXTETRACYCLINE
75-021;2;3;STREPTOMYCIN
75-021;2;4;COLISTIN
75-021;2;4;OXTETRACYCLINE
75-021;2;8;FLUMEQUINE
75-021;2;13;COLISTIN
75-021;2;13;LINCOMYCIN
75-021;2;13;SPECTINOMYCIN
75-021;2;13;TYLOSIN
75-021;2;14;TILMICOSIN
75-021;3;1;COLISTIN
75-021;3;1;OXTETRACYCLINE
75-021;3;2;COLISTIN
75-021;3;2;OXTETRACYCLINE
75-021;3;4;LINCOMYCIN
75-021;3;4;SPECTINOMYCIN
75-021;3;5;LINCOMYCIN
75-021;3;5;SPECTINOMYCIN
75-021;3;6;AMOXICILLIN
75-021;3;6;LINCOMYCIN
75-021;3;6;SPECTINOMYCIN
75-021;3;7;AMOXICILLIN
75-021;3;8;AMOXICILLIN
75-021;3;11;FLORFENICOL
75-021;3;11;TYLOSIN
75-021;3;12;DOXYCYCLINE
75-021;3;12;SULFATHIAZOLE
75-021;3;17;AMOXICILLIN
75-021;3;17;COLISTIN
75-022;1;1;COLISTIN
75-022;1;1;OXTETRACYCLINE
75-022;1;2;OXTETRACYCLINE
75-022;1;2;STREPTOMYCIN
75-022;1;4;OXTETRACYCLINE
75-022;1;4;STREPTOMYCIN
75-022;2;1;AMPICILLIN
75-022;2;1;COLISTIN
75-022;2;1;OXTETRACYCLINE
75-022;2;3;COLISTIN
75-022;2;3;GENTAMICIN
75-022;2;3;OXTETRACYCLINE
75-022;2;8;COLISTIN
75-022;2;8;TRIMETHOPRIM
75-022;2;10;ENROFLOXACIN
75-022;2;15;OXTETRACYCLINE
75-022;2;15;SULFADIMIDINE
75-023;1;1;COLISTIN
75-023;1;1;OXTETRACYCLINE
75-023;1;2;COLISTIN
75-023;1;2;OXTETRACYCLINE
75-023;1;3;OXTETRACYCLINE
75-023;1;3;STREPTOMYCIN
75-023;1;7;OXTETRACYCLINE
75-023;1;8;AMOXICILLIN
75-023;1;8;COLISTIN
75-023;1;12;OXTETRACYCLINE
75-023;1;12;STREPTOMYCIN
75-023;1;14;AMOXICILLIN
75-023;1;14;COLISTIN
75-023;1;14;FLORFENICOL
75-023;1;14;OXTETRACYCLINE
75-023;1;14;STREPTOMYCIN
75-025;1;1;DOXYCYCLINE
75-025;1;2;AMPICILLIN
75-025;1;2;COLISTIN
75-025;1;2;DOXYCYCLINE
75-025;1;2;OXTETRACYCLINE
75-025;1;3;OXTETRACYCLINE
75-025;1;3;STREPTOMYCIN
75-025;1;4;AMPICILLIN
75-025;1;4;COLISTIN
75-025;1;4;OXTETRACYCLINE
75-025;1;4;STREPTOMYCIN
75-025;1;5;OXTETRACYCLINE
75-025;1;5;STREPTOMYCIN
75-025;1;7;DOXYCYCLINE
75-025;1;8;AMPICILLIN
75-025;1;8;COLISTIN
75-025;1;9;LINCOMYCIN
75-025;1;9;OXTETRACYCLINE
75-025;1;9;SPECTINOMYCIN
75-025;1;9;SPIRAMYCIN
75-025;1;14;SULFACHLOROPYRIDAZINE
75-025;1;14;TYLOSIN
75-026;1;1;COLISTIN
75-026;1;1;OXTETRACYCLINE
75-026;1;3;COLISTIN
75-026;1;3;OXTETRACYCLINE
75-026;1;7;COLISTIN
75-026;1;7;OXTETRACYCLINE
75-026;1;14;COLISTIN
75-026;1;14;OXTETRACYCLINE
75-026;2;1;COLISTIN
75-026;2;1;OXTETRACYCLINE
75-027;1;3;NEOMYCIN
75-027;1;3;OXTETRACYCLINE
75-027;1;4;COLISTIN
75-027;1;4;OXTETRACYCLINE
75-027;2;3;NEOMYCIN
75-027;2;3;OXTETRACYCLINE
75-027;2;4;COLISTIN
75-027;2;4;OXTETRACYCLINE
75-027;3;3;NEOMYCIN
75-027;3;3;OXTETRACYCLINE
75-027;3;4;COLISTIN
75-027;3;4;OXTETRACYCLINE
75-028;1;1;COLISTIN
75-028;1;1;OXTETRACYCLINE
75-028;1;4;OXTETRACYCLINE
75-028;1;4;STREPTOMYCIN
75-028;1;12;OXTETRACYCLINE
75-028;1;12;STREPTOMYCIN
75-028;2;1;COLISTIN
75-028;2;1;OXTETRACYCLINE
75-028;2;5;TRIMETHOPRIM
75-028;2;8;OXTETRACYCLINE
75-028;2;8;STREPTOMYCIN
75-029;1;1;COLISTIN
75-029;1;1;OXTETRACYCLINE
75-029;1;2;COLISTIN
75-029;1;2;OXTETRACYCLINE
75-029;1;9;COLISTIN
75-029;1;9;GENTAMICIN
75-029;1;10;COLISTIN
75-029;1;10;GENTAMICIN
75-029;1;10;OXTETRACYCLINE
75-029;2;5;COLISTIN
75-029;2;5;GENTAMICIN
75-029;2;5;OXTETRACYCLINE
75-029;3;1;COLISTIN
75-029;3;1;OXTETRACYCLINE
75-029;3;5;COLISTIN
75-029;3;5;GENTAMICIN
75-030;1;1;COLISTIN
75-030;1;1;ENROFLOXACIN
75-030;1;1;OXTETRACYCLINE
75-030;1;2;COLISTIN
75-030;1;2;OXTETRACYCLINE
75-030;1;4;AMPICILLIN
75-030;1;4;ENROFLOXACIN
75-030;1;4;SULFADIMETHOXIN
75-030;1;5;AMOXICILLIN
75-030;2;1;ERYTHROMYCIN
75-030;2;3;DOXYCYCLINE
75-030;2;3;TYLOSIN
75-031;1;1;COLISTIN
75-031;1;1;OXTETRACYCLINE
75-031;1;2;COLISTIN
75-031;1;2;OXTETRACYCLINE
75-031;2;1;COLISTIN
75-031;2;1;OXTETRACYCLINE
75-031;2;6;ENROFLOXACIN
75-031;2;7;COLISTIN
75-031;2;7;ENRAMYCIN
75-032;1;1;CHLORTETRACYCLINE
75-032;1;1;TYLOSIN
75-032;1;2;CHLORTETRACYCLINE
75-032;1;2;TYLOSIN
75-033;1;1;COLISTIN
75-033;1;1;OXTETRACYCLINE
75-033;1;6;AMOXICILLIN
75-033;1;6;COLISTIN
75-033;2;1;COLISTIN
75-033;2;1;OXTETRACYCLINE
75-033;2;6;OXTETRACYCLINE
75-033;2;6;TYLOSIN
75-034;1;1;AMOXICILLIN
75-034;1;1;COLISTIN
75-034;1;1;DOXYCYCLINE
75-034;1;1;OXTETRACYCLINE
75-034;1;9;DOXYCYCLINE
75-034;1;11;DOXYCYCLINE
75-035;1;1;AMOXICILLIN
75-035;1;1;COLISTIN
75-035;1;1;DOXYCYCLINE
75-035;1;2;AMOXICILLIN
75-035;1;2;COLISTIN
75-035;1;2;DOXYCYCLINE
75-035;1;3;AMOXICILLIN
75-035;1;3;COLISTIN
75-036;1;1;COLISTIN
75-036;1;1;OXTETRACYCLINE
75-036;1;3;DOXYCYCLINE
75-036;1;4;DOXYCYCLINE
75-037;1;1;COLISTIN
75-037;1;1;OXTETRACYCLINE
75-038;1;1;COLISTIN
75-038;1;1;OXTETRACYCLINE
75-038;1;5;COLISTIN
75-038;1;5;OXTETRACYCLINE
75-038;1;7;FLUMEQUINE
75-038;1;9;COLISTIN
75-038;1;9;NEOMYCIN
75-039;1;1;COLISTIN
75-039;1;1;OXTETRACYCLINE
75-039;1;5;COLISTIN
75-039;1;5;GENTAMICIN
75-039;1;9;ENROFLOXACIN
75-039;1;12;NEOMYCIN
75-039;1;15;NEOMYCIN
75-039;1;16;COLISTIN
75-039;1;16;NEOMYCIN
75-039;2;1;COLISTIN
75-039;2;1;OXTETRACYCLINE
75-039;2;5;COLISTIN
75-039;2;5;GENTAMICIN
75-039;2;9;FLUMEQUINE
75-039;2;10;OXTETRACYCLINE
75-039;2;10;STREPTOMYCIN
75-039;2;11;AMPICILLIN
75-039;2;11;COLISTIN
75-039;2;12;COLISTIN
75-039;2;12;TRIMETHOPRIM
75-039;2;13;COLISTIN
75-039;2;13;OXTETRACYCLINE
75-040;1;1;COLISTIN
75-040;1;1;OXTETRACYCLINE
75-040;1;7;OXTETRACYCLINE
75-040;1;7;STREPTOMYCIN
75-040;1;12;OXTETRACYCLINE
75-041;1;1;COLISTIN
75-041;1;1;OXTETRACYCLINE
75-041;1;2;COLISTIN
75-041;1;2;OXTETRACYCLINE
75-041;1;3;COLISTIN
75-041;1;3;OXTETRACYCLINE
75-041;2;1;COLISTIN
75-041;2;1;OXTETRACYCLINE
75-041;2;2;COLISTIN
75-041;2;2;OXTETRACYCLINE
75-043;1;1;COLISTIN
75-043;1;1;NEOMYCIN
75-043;1;1;OXTETRACYCLINE
75-043;1;7;COLISTIN
75-043;1;7;OXTETRACYCLINE
75-043;1;8;AMOXICILLIN
75-043;1;8;TYLOSIN
75-043;1;10;COLISTIN
75-043;1;10;GENTAMICIN
75-043;1;12;SULFADIMETHOXIN
75-043;1;12;TRIMETHOPRIM
75-043;1;13;OXTETRACYCLINE
75-043;1;14;AMOXICILLIN
75-043;1;14;OXTETRACYCLINE
75-043;1;14;TYLOSIN
75-044;2;1;COLISTIN
75-044;2;1;OXTETRACYCLINE
75-044;2;2;COLISTIN
75-044;2;2;OXTETRACYCLINE
75-044;2;2;STREPTOMYCIN
75-044;2;3;ENROFLOXACIN
75-044;2;3;OXTETRACYCLINE
75-044;2;3;STREPTOMYCIN
75-045;1;1;AMOXICILLIN
75-045;1;1;COLISTIN
75-045;1;1;NEOMYCIN
75-046;1;1;SULFAMETHAZINE
75-046;1;1;TYLOSIN
75-046;2;1;COLISTIN
75-046;2;1;OXTETRACYCLINE
75-047;1;1;COLISTIN
75-047;1;1;OXTETRACYCLINE
75-047;1;3;COLISTIN
75-047;1;3;GENTAMICIN
75-047;1;5;OXTETRACYCLINE
75-047;2;1;COLISTIN
75-047;2;1;OXTETRACYCLINE
75-047;2;3;COLISTIN
75-047;2;3;GENTAMICIN
75-047;2;5;OXTETRACYCLINE
75-047;2;6;AMOXICILLIN
75-047;2;6;COLISTIN
75-047;3;3;COLISTIN
75-047;3;3;GENTAMICIN
75-048;1;1;COLISTIN
75-048;1;1;OXTETRACYCLINE
75-048;1;7;DOXYCYCLINE
75-048;1;7;GENTAMICIN
75-048;1;7;NEOMYCIN
75-048;1;7;OXTETRACYCLINE
75-049;1;5;COLISTIN
75-049;1;5;NEOMYCIN
75-049;1;7;COLISTIN
75-049;1;7;NEOMYCIN
75-050;1;1;COLISTIN
75-050;1;1;OXTETRACYCLINE
75-050;1;2;DOXYCYCLINE
75-050;1;2;GENTAMICIN
75-050;1;2;OXTETRACYCLINE
75-050;1;3;AMPICILLIN
75-050;1;3;COLISTIN
75-050;1;3;OXTETRACYCLINE
75-050;1;5;AMPICILLIN
75-050;1;5;COLISTIN
75-050;1;6;DOXYCYCLINE
75-050;1;6;TYLOSIN
75-050;1;9;GENTAMICIN
75-050;1;9;NEOMYCIN
75-050;1;9;OXTETRACYCLINE
75-050;1;9;TYLOSIN
75-050;1;10;DOXYCYCLINE
75-050;1;10;GENTAMICIN
75-050;1;10;OXTETRACYCLINE
75-050;1;10;SULFADIMIDINE
75-050;1;10;TYLOSIN
75-050;1;13;AMOXICILLIN
75-050;1;13;COLISTIN
75-050;1;15;CEPHALEXIN
75-050;1;15;SULFADIAZINE
75-050;1;15;TRIMETHOPRIM
75-051;1;1;COLISTIN
75-051;1;1;OXTETRACYCLINE
75-051;1;2;COLISTIN
75-051;1;2;OXTETRACYCLINE
75-051;1;2;STREPTOMYCIN
75-051;1;3;COLISTIN
75-051;1;3;OXTETRACYCLINE
75-051;1;4;COLISTIN
75-051;1;4;OXTETRACYCLINE
75-051;1;5;COLISTIN
75-051;1;5;OXTETRACYCLINE
75-052;1;1;COLISTIN
75-052;1;1;OXTETRACYCLINE
75-053;1;3;DOXYCYCLINE
75-053;1;3;NEOMYCIN
75-053;1;3;TRIMETHOPRIM
75-053;1;3;TYLOSIN
75-053;1;4;COLISTIN
75-053;1;4;NEOMYCIN
75-053;1;4;TRIMETHOPRIM
75-053;1;5;AMPICILLIN
75-053;1;5;DOXYCYCLINE
75-053;1;5;SULFADIMETHOXIN
75-053;1;5;TYLOSIN
75-053;1;8;TRIMETHOPRIM
75-053;2;6;CHLORTETRACYCLINE
75-053;2;6;DOXYCYCLINE
75-053;2;6;SULFAMETHOXYPYRIDAZINE
75-053;2;7;AMOXICILLIN
75-053;2;7;NEOMYCIN
75-053;2;7;TRIMETHOPRIM
75-053;2;7;TYLOSIN
75-061;1;3;ENROFLOXACIN
75-062;1;1;COLISTIN
75-062;1;1;OXTETRACYCLINE
75-062;1;2;COLISTIN
75-062;1;2;OXTETRACYCLINE
75-062;1;7;AMOXICILLIN
75-062;1;7;COLISTIN
75-062;1;8;AMOXICILLIN
75-062;1;8;TYLOSIN
75-062;1;10;COLISTIN
75-062;1;10;GENTAMICIN
75-062;1;12;AMPICILLIN
75-062;1;12;COLISTIN
75-062;2;2;DOXYCYCLINE
75-062;2;2;TYLOSIN
75-062;2;3;COLISTIN
75-062;2;3;NEOMYCIN
75-062;2;4;DOXYCYCLINE
75-062;2;4;TYLOSIN
75-062;2;9;FLORFENICOL
75-062;2;9;FLUMEQUINE
75-063;1;1;COLISTIN
75-063;1;1;ENROFLOXACIN
75-063;1;1;FLORFENICOL
75-063;1;1;NEOMYCIN
75-063;1;2;COLISTIN
75-063;1;2;ENROFLOXACIN
75-063;1;2;FLORFENICOL
75-063;1;2;NEOMYCIN
75-063;1;3;COLISTIN
75-063;1;3;FLORFENICOL
75-063;1;3;NEOMYCIN
75-063;1;4;AMPICILLIN
75-063;1;4;COLISTIN
75-063;1;4;FLORFENICOL
75-063;1;4;NEOMYCIN
75-063;1;6;FLUMEQUINE
75-063;1;6;SULFADIMIDINE
75-063;1;6;TYLOSIN
75-063;1;7;LINCOMYCIN
75-063;1;7;SPECTINOMYCIN
75-063;1;7;SULFAMETHOXAZOLE
75-063;1;7;TRIMETHOPRIM
75-063;1;8;COLISTIN
75-063;1;8;FLUMEQUINE
75-063;1;8;NEOMYCIN
75-063;1;9;AMOXICILLIN
75-063;1;9;COLISTIN
75-063;1;9;FLUMEQUINE
75-063;1;9;GENTAMICIN
75-063;1;10;COLISTIN
75-063;1;10;DOXYCYCLINE
75-063;1;10;NEOMYCIN
75-063;1;10;OXTETRACYCLINE
75-063;1;10;SULFAMETHOXAZOLE
75-063;1;10;TRIMETHOPRIM
75-063;1;10;TYLOSIN
75-063;1;11;FLORFENICOL
75-063;1;11;OXTETRACYCLINE
75-063;1;11;TYLOSIN
75-063;1;12;LINCOMYCIN
75-063;1;12;OXTETRACYCLINE
75-063;1;12;SPECTINOMYCIN
75-063;1;12;TYLOSIN
75-063;1;13;AMPICILLIN
75-063;1;13;COLISTIN
75-063;1;13;FLORFENICOL
75-063;1;13;FLUMEQUINE
75-063;1;14;COLISTIN
75-063;1;14;FLORFENICOL
75-063;1;14;NEOMYCIN
75-064;1;1;COLISTIN
75-064;1;1;ENROFLOXACIN
75-064;1;1;SULFAMETHOXAZOLE
75-064;1;1;THIAMPHENICOL
75-064;1;2;COLISTIN
75-064;1;2;NEOMYCIN
75-064;1;2;SULFAMETHOXAZOLE
75-064;1;2;THIAMPHENICOL
75-064;1;3;COLISTIN
75-064;1;3;NEOMYCIN
75-064;1;5;GENTAMICIN
75-064;1;5;TYLOSIN
75-064;1;6;STREPTOMYCIN
75-064;1;6;SULFADIMIDINE
75-064;1;6;SULFAMETHOXAZOLE
75-064;1;6;TRIMETHOPRIM
75-064;1;7;SULFADIMIDINE
75-064;1;7;TRIMETHOPRIM
75-064;2;1;COLISTIN
75-064;2;1;ENROFLOXACIN
75-064;2;1;OXTETRACYCLINE
75-064;2;2;DOXYCYCLINE
75-064;2;2;TYLOSIN
75-064;2;3;DOXYCYCLINE
75-064;2;3;TYLOSIN
75-064;2;5;TRIMETHOPRIM
75-064;2;6;TRIMETHOPRIM
75-064;2;7;DOXYCYCLINE
75-064;2;7;GENTAMICIN
75-064;2;8;COLISTIN
75-064;2;8;ENROFLOXACIN
75-064;2;8;OXTETRACYCLINE
75-064;2;12;DOXYCYCLINE
75-064;2;12;TYLOSIN
75-064;2;13;FLUMEQUINE
75-064;2;13;GENTAMICIN
75-064;2;13;TYLOSIN
75-064;2;14;COLISTIN
75-064;2;14;OXTETRACYCLINE
75-064;2;15;FLUMEQUINE
75-065;1;5;AMOXICILLIN
75-065;1;5;TYLOSIN
75-066;1;1;OXTETRACYCLINE
75-066;1;1;STREPTOMYCIN
75-067;1;1;COLISTIN
75-067;1;1;OXTETRACYCLINE
75-067;1;4;ERYTHROMYCIN
75-067;1;4;SULFAMETHOXAZOLE
75-067;1;6;DOXYCYCLINE
75-067;1;6;TYLOSIN
75-067;1;7;DOXYCYCLINE
75-067;1;7;ENROFLOXACIN
75-067;1;7;TYLOSIN
75-067;1;9;DOXYCYCLINE
75-067;1;9;ENROFLOXACIN
75-067;1;9;TYLOSIN
75-067;1;10;AMOXICILLIN
75-067;1;10;TYLOSIN
75-067;1;11;AMOXICILLIN
75-067;1;11;TYLOSIN
75-068;1;1;COLISTIN
75-068;1;1;OXTETRACYCLINE
75-068;1;2;AMOXICILLIN
75-068;1;2;COLISTIN
75-068;1;4;FLORFENICOL
75-068;1;6;COLISTIN
75-068;1;6;ERYTHROMYCIN
75-068;1;6;NEOMYCIN
75-068;1;6;SULFAMETHOXAZOLE
75-068;1;6;TILMICOSIN
75-068;1;6;TYLOSIN
75-068;1;7;SULFAMETHOXAZOLE
75-068;1;7;THIAMPHENICOL
75-068;1;9;AMOXICILLIN
75-068;1;9;TYLOSIN
75-068;1;10;COLISTIN
75-068;1;10;NEOMYCIN
75-068;1;10;TYLOSIN
75-068;1;11;APRAMYCIN
75-068;1;11;COLISTIN
75-068;1;11;OXTETRACYCLINE
75-068;1;11;STREPTOMYCIN
75-068;1;12;COLISTIN
75-068;1;12;NEOMYCIN
75-068;1;12;SULFAMETHOXAZOLE
75-068;1;12;THIAMPHENICOL
75-068;1;14;DOXYCYCLINE
75-068;1;14;FLORFENICOL
75-068;1;14;TYLOSIN
75-069;1;4;AMOXICILLIN
75-069;1;4;APRAMYCIN
75-069;1;4;COLISTIN
75-069;1;4;TYLOSIN
75-069;1;5;AMOXICILLIN
75-069;1;5;COLISTIN
75-069;1;5;TYLOSIN
75-069;1;7;ERYTHROMYCIN
75-069;1;7;SULFAMETHOXAZOLE
75-069;1;8;AMOXICILLIN
75-069;1;8;ERYTHROMYCIN
75-069;1;8;SULFAMETHOXAZOLE
75-069;1;8;TYLOSIN
75-069;1;9;AMOXICILLIN
75-069;1;9;TYLOSIN
75-069;1;10;OXTETRACYCLINE
75-069;1;10;STREPTOMYCIN
75-069;1;12;JOSAMYCIN
75-069;1;12;TRIMETHOPRIM
75-070;1;1;AMPICILLIN
75-070;1;1;DOXYCYCLINE
75-070;1;1;OXTETRACYCLINE
75-070;1;1;STREPTOMYCIN
75-070;1;2;FLORFENICOL
75-070;1;4;AMOXICILLIN
75-070;1;4;ERYTHROMYCIN
75-070;1;4;SULFAMETHOXAZOLE
75-070;1;4;TYLOSIN
75-070;1;6;DOXYCYCLINE
75-070;1;6;TILMICOSIN
75-070;1;6;TYLOSIN
75-070;1;7;DOXYCYCLINE
75-070;1;7;TILMICOSIN
75-070;1;7;TYLOSIN
75-070;1;8;DOXYCYCLINE
75-070;1;8;TYLOSIN
75-070;1;10;DOXYCYCLINE
75-070;1;10;TYLOSIN
75-070;1;11;DOXYCYCLINE
75-070;1;11;TYLOSIN
75-070;1;12;COLISTIN
75-070;1;12;OXTETRACYCLINE
75-070;1;13;DOXYCYCLINE
75-070;1;13;TYLOSIN
75-070;1;14;DOXYCYCLINE
75-070;1;14;TYLOSIN
75-070;1;15;DOXYCYCLINE
75-070;1;15;TYLOSIN
75-070;2;2;NORFLOXACIN
75-070;2;6;DOXYCYCLINE
75-070;2;6;GENTAMICIN
75-070;2;6;TRIMETHOPRIM
75-070;2;6;TYLOSIN
75-070;2;8;DOXYCYCLINE
75-070;2;8;TYLOSIN
75-070;2;11;DOXYCYCLINE
75-070;2;11;TYLOSIN
75-070;2;12;DOXYCYCLINE
75-070;2;12;TYLOSIN
75-070;2;14;DOXYCYCLINE
75-070;2;14;TYLOSIN
75-070;3;3;COLISTIN
75-070;3;3;GENTAMICIN
75-070;3;3;OXTETRACYCLINE
75-070;3;4;AMOXICILLIN
75-070;3;4;OXTETRACYCLINE
75-070;3;4;STREPTOMYCIN
75-071;1;1;COLISTIN
75-071;1;1;OXTETRACYCLINE
75-071;1;6;AMPICILLIN
75-071;1;6;DOXYCYCLINE
75-071;1;11;CHLORTETRACYCLINE
75-071;1;11;OXTETRACYCLINE
75-071;1;11;SPIRAMYCIN
75-071;1;11;TILMICOSIN
75-071;1;11;TYLOSIN
75-071;1;12;TILMICOSIN
75-072;1;2;SPIRAMYCIN
75-072;1;2;TRIMETHOPRIM
75-072;1;3;SPIRAMYCIN
75-072;1;3;TRIMETHOPRIM
75-072;1;9;SPIRAMYCIN
75-072;1;9;TRIMETHOPRIM
75-072;1;13;CHLORAMPHENICOL
75-072;1;13;CHLORTETRACYCLINE
75-072;1;13;CIPROFLOXACIN
75-072;1;13;SULFAGUANIDIN
75-072;2;3;CHLORAMPHENICOL
75-072;2;3;CHLORTETRACYCLINE
75-072;2;3;SULFAGUANIDIN
75-072;2;4;AMOXICILLIN
75-072;2;4;CIPROFLOXACIN
75-072;2;5;CHLORAMPHENICOL
75-072;2;5;SULFAGUANIDIN
75-072;2;6;CHLORAMPHENICOL
75-072;2;6;CHLORTETRACYCLINE
75-072;2;7;CHLORAMPHENICOL
75-072;2;7;SULFAGUANIDIN
75-072;2;9;CHLORAMPHENICOL
75-072;2;9;CHLORTETRACYCLINE
75-072;2;10;CHLORAMPHENICOL
75-072;2;10;CHLORTETRACYCLINE
75-072;2;10;CIPROFLOXACIN
75-072;2;11;AMOXICILLIN
75-072;2;12;CHLORTETRACYCLINE
75-072;2;13;CHLORTETRACYCLINE
75-072;2;14;CHLORTETRACYCLINE
75-072;2;14;CIPROFLOXACIN
75-072;2;14;SULFAGUANIDIN
75-073;1;1;COLISTIN
75-073;1;1;OXTETRACYCLINE
75-073;1;7;GENTAMICIN
75-073;1;7;TYLOSIN
75-073;1;11;GENTAMICIN
75-073;1;11;TYLOSIN
75-073;1;12;TILMICOSIN
75-073;2;1;COLISTIN
75-073;2;1;OXTETRACYCLINE
75-073;2;4;FLORFENICOL
75-073;2;5;FLORFENICOL
75-073;2;5;SULFAMETHOXAZOLE
75-073;2;5;THIAMPHENICOL
75-073;2;7;TILMICOSIN
75-073;2;8;DOXYCYCLINE
75-073;2;8;GENTAMICIN
75-073;2;8;TYLOSIN
75-073;2;15;TILMICOSIN
75-073;2;16;TILMICOSIN
75-073;2;17;TILMICOSIN
75-073;2;18;TILMICOSIN
75-074;1;1;SULFAMETHOXAZOLE
75-074;1;1;THIAMPHENICOL
75-074;1;2;COLISTIN
75-074;1;2;OXTETRACYCLINE
75-074;1;12;GENTAMICIN
75-074;1;12;TYLOSIN
75-074;2;1;COLISTIN
75-074;2;1;OXTETRACYCLINE
75-074;2;1;SULFAMETHOXAZOLE
75-074;2;1;THIAMPHENICOL
75-074;2;3;ENROFLOXACIN
75-074;2;9;OXTETRACYCLINE
75-075;1;1;COLISTIN
75-075;1;1;OXTETRACYCLINE
75-076;1;1;COLISTIN
75-076;1;1;OXTETRACYCLINE
75-076;1;3;DOXYCYCLINE
75-076;1;3;NEOMYCIN
75-076;1;5;DOXYCYCLINE
75-076;1;5;ENROFLOXACIN
75-076;1;5;TYLOSIN
75-076;1;7;SULFAMETHOXAZOLE
75-076;1;7;THIAMPHENICOL
75-076;1;8;COLISTIN
75-076;1;8;GENTAMICIN
75-076;1;8;SULFAMETHOXAZOLE
75-076;1;8;THIAMPHENICOL
75-076;1;8;TRIMETHOPRIM
75-076;1;8;TYLOSIN
75-076;1;9;COLISTIN
75-076;1;9;GENTAMICIN
75-076;1;9;TRIMETHOPRIM
75-076;1;9;TYLOSIN
75-076;1;11;AMPICILLIN
75-076;1;11;COLISTIN
75-076;1;11;NEOMYCIN
75-076;1;11;OXTETRACYCLINE
75-076;1;12;AMPICILLIN
75-076;1;12;COLISTIN
75-076;1;12;NEOMYCIN
75-076;1;12;OXTETRACYCLINE
75-077;1;1;COLISTIN
75-077;1;1;OXTETRACYCLINE
75-077;1;2;AMOXICILLIN
75-077;1;2;COLISTIN
75-077;1;3;AMOXICILLIN
75-077;1;3;COLISTIN
75-077;1;4;AMOXICILLIN
75-077;1;4;COLISTIN
75-077;1;5;AMOXICILLIN
75-077;1;5;COLISTIN
75-077;1;6;AMOXICILLIN
75-077;1;6;COLISTIN
75-077;1;7;ENROFLOXACIN
75-077;1;8;AMOXICILLIN
75-077;1;8;COLISTIN
75-077;1;8;ENROFLOXACIN
75-077;1;10;ENROFLOXACIN
75-077;1;11;ENROFLOXACIN
75-077;1;13;ENROFLOXACIN
75-078;1;1;COLISTIN
75-078;1;1;OXTETRACYCLINE
75-078;1;2;COLISTIN
75-078;1;2;OXTETRACYCLINE
75-078;1;6;COLISTIN
75-078;1;6;OXTETRACYCLINE
75-079;1;1;COLISTIN
75-079;1;1;OXTETRACYCLINE
75-079;1;2;COLISTIN
75-079;1;2;NEOMYCIN
75-079;1;4;OXTETRACYCLINE
75-079;1;5;COLISTIN
75-079;1;5;OXTETRACYCLINE
75-079;1;7;STREPTOMYCIN
75-079;1;7;SULFAMETHOXAZOLE
75-079;1;9;STREPTOMYCIN
75-079;1;9;SULFAMETHOXAZOLE
75-079;1;10;AMPICILLIN
75-079;1;10;ERYTHROMYCIN
75-079;1;10;GENTAMICIN
75-079;1;10;OXTETRACYCLINE
75-079;1;10;SULFAMETHOXAZOLE
75-079;1;10;TYLOSIN
75-079;1;11;AMPICILLIN
75-079;1;12;ERYTHROMYCIN
75-079;1;12;SULFAMETHOXAZOLE
75-079;1;12;THIAMPHENICOL
75-079;1;13;ERYTHROMYCIN
75-079;1;13;GENTAMICIN
75-079;1;13;STREPTOMYCIN
75-079;1;13;SULFAMETHOXAZOLE
75-079;1;13;TYLOSIN
75-079;2;1;COLISTIN
75-079;2;1;OXTETRACYCLINE
75-079;2;1;SULFAMETHOXAZOLE
75-079;2;1;THIAMPHENICOL
75-079;2;2;SULFAMETHOXAZOLE
75-079;2;2;THIAMPHENICOL
75-079;2;3;SULFAMETHOXAZOLE
75-079;2;3;THIAMPHENICOL
75-079;2;4;GENTAMICIN
75-079;2;4;TYLOSIN
75-079;2;9;GENTAMICIN
75-079;2;9;TYLOSIN
75-079;2;15;FLORFENICOL
75-079;2;15;GENTAMICIN
75-079;2;15;TYLOSIN
75-079;2;16;DOXYCYCLINE
75-079;2;16;ENROFLOXACIN
75-079;2;16;SULFADIMIDINE
75-079;2;16;TRIMETHOPRIM
75-080;1;1;AMOXICILLIN
75-080;1;1;COLISTIN
75-080;1;1;FLORFENICOL
75-080;1;1;OXTETRACYCLINE
75-080;1;2;DOXYCYCLINE
75-080;1;2;TYLOSIN
75-080;1;3;OXTETRACYCLINE
75-080;1;4;OXTETRACYCLINE
75-080;1;5;AMOXICILLIN
75-080;1;5;COLISTIN
75-080;1;5;DOXYCYCLINE
75-080;1;5;NEOMYCIN
75-080;1;5;TYLOSIN
75-080;1;6;NEOMYCIN
75-080;1;7;AMOXICILLIN
75-080;1;7;COLISTIN
75-080;1;7;DOXYCYCLINE
75-080;1;7;TYLOSIN
75-080;1;8;AMOXICILLIN
75-080;1;8;COLISTIN
75-080;1;8;DOXYCYCLINE
75-080;1;8;FLORFENICOL
75-080;1;8;NEOMYCIN
75-080;1;8;TYLOSIN
75-080;1;9;AMOXICILLIN
75-080;1;9;COLISTIN
75-080;1;9;OXTETRACYCLINE
75-080;1;9;STREPTOMYCIN
75-080;1;9;TYLOSIN
75-080;1;10;AMOXICILLIN
75-080;1;10;COLISTIN
75-080;1;10;OXTETRACYCLINE
75-080;1;10;TYLOSIN
75-080;1;11;COLISTIN
75-080;1;11;DOXYCYCLINE
75-080;1;11;FLORFENICOL
75-080;1;11;LINCOMYCIN
75-080;1;11;TYLOSIN
75-080;1;12;CHLORTETRACYCLINE
75-080;1;12;DOXYCYCLINE
75-080;1;12;TYLOSIN
75-080;1;13;CHLORTETRACYCLINE
75-080;1;13;DOXYCYCLINE
75-080;1;13;TYLOSIN
75-080;1;14;CHLORTETRACYCLINE
75-080;1;15;TILMICOSIN
75-080;1;16;CHLORTETRACYCLINE
75-080;1;17;CHLORTETRACYCLINE
75-080;2;1;DOXYCYCLINE
75-080;2;1;ENROFLOXACIN
75-080;2;2;DOXYCYCLINE
75-080;2;2;ENROFLOXACIN
75-080;2;3;DOXYCYCLINE
75-080;2;3;ENROFLOXACIN
75-080;2;4;DOXYCYCLINE
75-080;2;4;ENROFLOXACIN
75-080;2;5;DOXYCYCLINE
75-080;2;5;ENROFLOXACIN
75-080;2;6;DOXYCYCLINE
75-080;2;6;ENROFLOXACIN
75-080;2;7;DOXYCYCLINE
75-080;2;7;ENROFLOXACIN
75-080;2;8;DOXYCYCLINE
75-080;2;8;ENROFLOXACIN
75-080;2;9;DOXYCYCLINE
75-080;2;9;TYLOSIN
75-080;2;10;DOXYCYCLINE
75-080;2;10;TYLOSIN
75-080;2;13;DOXYCYCLINE
75-080;2;15;DOXYCYCLINE
75-080;3;2;AMPICILLIN
75-080;3;2;DOXYCYCLINE
75-080;3;6;DOXYCYCLINE
75-080;3;6;TYLOSIN
75-081;1;8;DOXYCYCLINE
75-081;1;8;TYLOSIN
75-081;1;10;GENTAMICIN
75-081;1;10;TYLOSIN
75-081;1;12;COLISTIN
75-081;1;12;OXTETRACYCLINE
75-081;1;13;COLISTIN
75-081;1;13;OXTETRACYCLINE
75-081;1;14;DOXYCYCLINE
75-081;1;14;TYLOSIN
75-081;2;1;DOXYCYCLINE
75-081;2;1;OXTETRACYCLINE
75-081;2;1;SULFADIAZINE
75-081;2;1;SULFAMETHOXAZOLE
75-081;2;1;TILMICOSIN
75-081;2;1;TRIMETHOPRIM
75-081;2;1;TYLOSIN
75-081;2;2;AMOXICILLIN
75-081;2;2;COLISTIN
75-081;2;2;OXTETRACYCLINE
75-081;2;2;SULFADIAZINE
75-081;2;2;SULFAMETHOXAZOLE
75-081;2;2;TRIMETHOPRIM
75-081;2;2;TYLOSIN
75-081;2;4;DOXYCYCLINE
75-081;2;4;SULFADIAZINE
75-081;2;4;SULFAMETHOXAZOLE
75-081;2;4;TRIMETHOPRIM
75-081;2;4;TYLOSIN
75-081;2;7;TILMICOSIN
75-081;2;10;TILMICOSIN
75-082;1;1;COLISTIN
75-082;1;1;OXTETRACYCLINE
75-082;1;2;COLISTIN
75-082;1;2;ENROFLOXACIN
75-082;1;2;OXTETRACYCLINE
75-082;1;3;OXTETRACYCLINE
75-082;1;5;ENROFLOXACIN
75-083;1;1;COLISTIN
75-083;1;1;OXTETRACYCLINE
75-083;1;2;SULFAMETHOXAZOLE
75-083;1;2;THIAMPHENICOL
75-083;1;3;SULFAMETHOXAZOLE
75-083;1;3;THIAMPHENICOL
75-085;1;1;COLISTIN
75-085;1;1;OXTETRACYCLINE
75-085;1;1;SULFAMETHOXAZOLE
75-085;1;1;THIAMPHENICOL
75-085;1;2;DOXYCYCLINE
75-085;1;2;ERYTHROMYCIN
75-085;1;2;GENTAMICIN
75-085;1;2;SULFAMETHOXAZOLE
75-085;1;2;TRIMETHOPRIM
75-085;1;5;TILMICOSIN
75-086;1;1;COLISTIN
75-086;1;1;OXTETRACYCLINE
75-086;1;2;AMOXICILLIN
75-086;1;2;COLISTIN
75-086;1;2;OXTETRACYCLINE
75-086;1;2;STREPTOMYCIN
75-086;1;3;APRAMYCIN
75-086;1;3;COLISTIN
75-086;1;10;DOXYCYCLINE
75-086;1;10;TYLOSIN
75-086;2;1;COLISTIN
75-086;2;1;OXTETRACYCLINE
75-086;2;2;ENROFLOXACIN
75-086;2;2;FLORFENICOL
75-086;2;3;ENROFLOXACIN
75-086;2;6;TILMICOSIN
75-086;2;9;ENROFLOXACIN
75-087;1;1;AMOXICILLIN
75-087;1;1;COLISTIN
75-087;2;1;COLISTIN
75-087;2;1;OXTETRACYCLINE
75-087;2;2;ENROFLOXACIN
75-087;2;4;DOXYCYCLINE
75-087;2;4;TILMICOSIN
75-087;2;7;DOXYCYCLINE
75-087;2;7;TILMICOSIN
75-087;2;8;TILMICOSIN
75-087;2;9;COLISTIN
75-087;2;9;NEOMYCIN
75-087;2;9;SULFAMETHOXAZOLE
75-087;2;9;THIAMPHENICOL
75-087;2;10;COLISTIN
75-087;2;10;NEOMYCIN
75-088;1;1;COLISTIN
75-088;1;1;OXTETRACYCLINE
75-088;1;1;SULFAMETHOXAZOLE
75-088;1;1;THIAMPHENICOL
75-088;1;3;DOXYCYCLINE
75-088;1;3;TYLOSIN
75-088;1;4;AMOXICILLIN
75-088;1;4;DOXYCYCLINE
75-088;1;4;TYLOSIN
75-088;1;5;OXTETRACYCLINE
75-088;1;5;STREPTOMYCIN
75-088;1;6;AMOXICILLIN
75-088;1;6;TYLOSIN
75-088;1;8;GENTAMICIN
75-088;1;8;TYLOSIN
75-088;1;9;ENROFLOXACIN
75-088;1;9;TILMICOSIN
75-088;1;10;FLORFENICOL
75-088;2;1;COLISTIN
75-088;2;1;OXTETRACYCLINE
75-088;2;6;GENTAMICIN
75-088;2;6;TYLOSIN
75-088;2;7;TILMICOSIN
75-089;1;1;AMOXICILLIN
75-089;1;1;COLISTIN
75-089;1;2;AMOXICILLIN
75-089;1;2;COLISTIN
75-090;1;1;COLISTIN
75-090;1;1;OXTETRACYCLINE
75-090;1;2;OXTETRACYCLINE
75-090;1;2;STREPTOMYCIN
75-090;1;3;AMPICILLIN
75-090;1;3;COLISTIN
75-090;1;3;NEOMYCIN
75-090;1;4;NORFLOXACIN
75-090;1;4;OXTETRACYCLINE
75-090;1;4;STREPTOMYCIN
75-090;1;5;COLISTIN
75-090;1;5;DOXYCYCLINE
75-090;1;5;NEOMYCIN
75-090;1;5;TYLOSIN
75-090;1;6;NEOMYCIN
75-090;1;6;NORFLOXACIN
75-090;1;6;OXTETRACYCLINE
75-090;1;6;STREPTOMYCIN
75-090;1;7;COLISTIN
75-090;1;7;NEOMYCIN
75-090;1;7;NORFLOXACIN
75-090;1;7;OXTETRACYCLINE
75-090;1;7;STREPTOMYCIN
75-090;1;8;COLISTIN
75-090;1;8;NEOMYCIN
75-090;1;8;OXTETRACYCLINE
75-090;1;8;STREPTOMYCIN
75-090;1;9;AMPICILLIN
75-090;1;9;COLISTIN
75-090;1;9;NORFLOXACIN
75-090;1;10;AMPICILLIN
75-090;1;10;COLISTIN
75-090;1;11;DOXYCYCLINE
75-090;1;11;TYLOSIN
75-090;1;12;AMPICILLIN
75-090;1;12;COLISTIN
75-090;1;13;COLISTIN
75-090;1;13;NEOMYCIN
75-090;1;13;OXTETRACYCLINE
75-090;1;13;STREPTOMYCIN
75-091;1;1;COLISTIN
75-091;1;1;OXTETRACYCLINE
75-091;1;3;OXTETRACYCLINE
75-091;1;3;STREPTOMYCIN
75-091;1;4;COLISTIN
75-091;1;4;NEOMYCIN
75-091;1;6;COLISTIN
75-091;1;6;NEOMYCIN
75-091;1;6;NORFLOXACIN
75-091;1;6;TRIMETHOPRIM
75-091;1;10;OXTETRACYCLINE
75-091;1;10;STREPTOMYCIN
75-091;1;12;AMPICILLIN
75-091;1;12;COLISTIN
75-091;1;12;NORFLOXACIN
75-091;2;2;OXTETRACYCLINE
75-091;2;2;STREPTOMYCIN
75-091;2;3;NORFLOXACIN
75-091;2;4;COLISTIN
75-091;2;4;OXTETRACYCLINE
75-091;2;6;NORFLOXACIN
75-091;2;7;OXTETRACYCLINE
75-091;2;7;THIAMPHENICOL
75-091;2;8;AMPICILLIN
75-091;2;8;COLISTIN
75-091;2;9;AMPICILLIN
75-091;2;9;COLISTIN
75-091;2;11;OXTETRACYCLINE
75-091;2;11;STREPTOMYCIN
75-091;2;12;AMPICILLIN
75-091;2;12;COLISTIN
75-092;1;1;COLISTIN
75-092;1;1;OXTETRACYCLINE
75-092;1;3;SULFAMETHOXAZOLE
75-092;1;3;THIAMPHENICOL
75-092;1;7;GENTAMICIN
75-092;1;7;TYLOSIN
75-093;1;11;GENTAMICIN
75-093;1;11;TYLOSIN
75-094;1;1;COLISTIN
75-094;1;1;OXTETRACYCLINE
75-094;1;1;SULFAMETHOXAZOLE
75-094;1;1;THIAMPHENICOL
75-094;1;4;GENTAMICIN
75-094;1;4;TYLOSIN
75-094;1;6;COLISTIN
75-094;1;6;OXTETRACYCLINE
75-094;1;17;ERYTHROMYCIN
75-094;1;17;SULFAMETHOXAZOLE
75-095;2;1;COLISTIN
75-095;2;1;OXTETRACYCLINE
75-096;1;6;ENROFLOXACIN
75-097;1;1;COLISTIN
75-097;1;1;OXTETRACYCLINE
75-097;1;1;SULFAMETHOXAZOLE
75-097;1;1;THIAMPHENICOL
75-097;1;2;GENTAMICIN
75-097;1;2;TRIMETHOPRIM
75-097;1;14;FLORFENICOL
75-097;1;15;FLORFENICOL
75-097;1;16;GENTAMICIN
75-097;1;16;TILMICOSIN
75-097;1;16;TYLOSIN
75-098;1;2;ENROFLOXACIN
75-098;1;3;COLISTIN
75-098;1;3;TYLOSIN
75-098;1;5;COLISTIN
75-098;1;5;TYLOSIN
75-098;1;8;FLORFENICOL
75-098;1;9;COLISTIN
75-098;1;9;TYLOSIN
75-099;1;1;COLISTIN
75-099;1;1;OXTETRACYCLINE
75-099;1;3;SULFAMETHOXAZOLE
75-099;1;3;THIAMPHENICOL
75-099;1;7;TILMICOSIN
75-099;1;12;TILMICOSIN
75-100;1;1;LINCOMYCIN
75-100;1;1;OXTETRACYCLINE
75-100;1;1;SPECTINOMYCIN
75-100;1;2;COLISTIN
75-100;1;2;OXTETRACYCLINE
75-100;1;4;LINCOMYCIN
75-100;1;4;SPECTINOMYCIN
75-100;1;4;TRIMETHOPRIM
75-100;1;5;TRIMETHOPRIM
75-100;1;6;LINCOMYCIN
75-100;1;6;SPECTINOMYCIN
75-101;1;1;LINCOMYCIN
75-101;1;1;OXTETRACYCLINE
75-101;1;1;SPECTINOMYCIN
75-101;1;2;COLISTIN
75-101;1;2;OXTETRACYCLINE
75-101;1;4;TRIMETHOPRIM
75-101;1;6;DOXYCYCLINE
75-101;1;6;TRIMETHOPRIM
75-101;1;6;TYLOSIN
75-101;1;7;DOXYCYCLINE
75-101;1;7;TRIMETHOPRIM
75-101;1;7;TYLOSIN
75-102;1;1;COLISTIN
75-102;1;1;GENTAMICIN
75-102;1;1;OXTETRACYCLINE
75-102;1;3;COLISTIN
75-102;1;3;OXOLINIC ACID
75-102;1;3;OXTETRACYCLINE
75-102;1;7;COLISTIN
75-102;1;7;DOXYCYCLINE
75-102;1;7;GENTAMICIN
75-102;1;10;DOXYCYCLINE
75-102;1;10;TYLOSIN
75-102;1;11;DOXYCYCLINE
75-102;1;11;FLORFENICOL
75-102;1;12;ENROFLOXACIN
75-103;1;1;COLISTIN
75-103;1;1;OXTETRACYCLINE
75-103;1;2;COLISTIN
75-103;1;2;GENTAMICIN
75-103;1;2;OXTETRACYCLINE
75-103;1;3;COLISTIN
75-103;1;3;OXTETRACYCLINE
75-103;1;4;COLISTIN
75-103;1;4;GENTAMICIN
75-103;1;7;DOXYCYCLINE
75-103;1;7;TYLOSIN
75-103;1;9;COLISTIN
75-103;1;9;GENTAMICIN
75-103;1;10;AMPICILLIN
75-103;1;10;COLISTIN
75-103;1;11;AMPICILLIN
75-103;1;11;COLISTIN
75-104;1;1;COLISTIN
75-104;1;1;OXTETRACYCLINE
75-104;1;2;COLISTIN
75-104;1;2;NEOMYCIN
75-104;1;2;STREPTOMYCIN
75-104;1;2;SULFAMETHOXAZOLE
75-104;1;3;COLISTIN
75-104;1;3;NEOMYCIN
75-104;1;3;STREPTOMYCIN
75-104;1;3;SULFAMETHOXAZOLE
75-104;1;4;COLISTIN
75-104;1;4;NEOMYCIN
75-104;1;4;NORFLOXACIN
75-104;1;4;STREPTOMYCIN
75-104;1;4;SULFAMETHOXAZOLE
75-104;1;5;AMPICILLIN
75-104;1;5;COLISTIN
75-104;1;6;AMPICILLIN
75-104;1;6;COLISTIN
75-104;1;7;AMPICILLIN
75-104;1;7;COLISTIN
75-104;1;7;STREPTOMYCIN
75-104;1;7;SULFAMETHOXAZOLE
75-104;1;8;COLISTIN
75-104;1;8;NEOMYCIN
75-104;1;8;NORFLOXACIN
75-104;1;8;STREPTOMYCIN
75-104;1;8;SULFAMETHOXAZOLE
75-104;1;9;COLISTIN
75-104;1;9;NEOMYCIN
75-104;1;9;OXTETRACYCLINE
75-104;1;9;STREPTOMYCIN
75-104;1;10;COLISTIN
75-104;1;10;NEOMYCIN
75-104;1;10;OXTETRACYCLINE
75-104;1;11;AMPICILLIN
75-104;1;11;COLISTIN
75-104;1;11;OXTETRACYCLINE
75-104;1;11;STREPTOMYCIN
75-104;1;12;AMPICILLIN
75-104;1;12;COLISTIN
75-104;1;13;AMPICILLIN
75-104;1;13;COLISTIN
75-104;1;13;OXTETRACYCLINE
75-104;1;13;STREPTOMYCIN
75-104;1;14;AMPICILLIN
75-104;1;14;COLISTIN
75-104;1;15;AMPICILLIN
75-104;1;15;COLISTIN
75-105;1;1;COLISTIN
75-105;1;1;SPIRAMYCIN
75-105;1;8;AMOXICILLIN
75-105;1;8;DOXYCYCLINE
75-105;1;8;TYLOSIN
75-105;1;9;AMOXICILLIN
75-105;1;9;TYLOSIN
75-106;1;1;COLISTIN
75-106;1;1;SPIRAMYCIN
75-106;1;5;OXTETRACYCLINE
75-106;1;5;TYLOSIN
75-106;1;6;LINCOMYCIN
75-106;1;6;OXTETRACYCLINE
75-106;1;6;SPECTINOMYCIN
75-106;1;6;TYLOSIN
75-106;1;7;FLUMEQUINE